id,Dataset_Title,URL,is_encrypted,Columns,Columns_Count,Numeric_Cols,Categorical_Cols,Memory_Usage_MB
CRED-002,South German Credit,https://www.kaggle.com/datasets/sid321axn/south-german-credit-updated,0,"['status', 'duration', 'credit_history', 'purpose', 'amount', 'savings', 'employment_duration', 'installment_rate', 'personal_status_sex', 'other_debtors', 'present_residence', 'property', 'age', 'other_installment_plans', 'housing', 'number_credits', 'job', 'people_liable', 'telephone', 'foreign_worker', 'credit_risk']",21,3,18,"0,26"
CRED-004,Australian Credit Approval,https://www.kaggle.com/datasets/bfueojjsjdjsl/australian-credit-approval-data-set,1,"['CustomerID', 'A1', 'A2', 'A3', 'A4', 'A5', 'A6', 'A7', 'A8', 'A9', 'A10', 'A11', 'A12', 'A13', 'A14', 'Class']",16,16,0,"0,03"
CRED-005,Japanese Credit Screening,https://www.kaggle.com/datasets/xiangshan1989/japanese-credit-screening-from-the-uc-irvine,1,"['A1', 'A2', 'A3', 'A4', 'A5', 'A6', 'A7', 'A8', 'A9', 'A10', 'A11', 'A12', 'A13', 'A14', 'A15', 'target']",16,7,9,"0,03"
CRED-007,Polish Companies Bankruptcy,https://www.kaggle.com/datasets/stealthtechnologies/predict-bankruptcy-in-poland,1,"['A1', 'A2', 'A3', 'A4', 'A5', 'A6', 'A7', 'A8', 'A9', 'A10', 'A11', 'A12', 'A13', 'A14', 'A15', 'A16', 'A17', 'A18', 'A19', 'A20', 'A21', 'A22', 'A23', 'A24', 'A25', 'A26', 'A27', 'A28', 'A29', 'A30', 'A31', 'A32', 'A33', 'A34', 'A35', 'A36', 'A37', 'A38', 'A39', 'A40', 'A41', 'A42', 'A43', 'A44', 'A45', 'A46', 'A47', 'A48', 'A49', 'A50', 'A51', 'A52', 'A53', 'A54', 'A55', 'A56', 'A57', 'A58', 'A59', 'A60', 'A61', 'A62', 'A63', 'A64', 'class', 'year']",66,66,0,"20,47"
CRED-008,Qualitative Bankruptcy,https://www.kaggle.com/datasets/jagadeesh23/qualitative-bankruptcy-data-set,1,"['V1', 'V2', 'V3', 'V4', 'V5', 'V6', 'Class']",7,0,7,"0,01"
CRED-010,credit-approval,https://www.openml.org/d/29,1,"['A1', 'A2', 'A3', 'A4', 'A5', 'A6', 'A7', 'A8', 'A9', 'A10', 'A11', 'A12', 'A13', 'A14', 'A15', 'class']",16,6,10,"0,02"
CRED-012,default-of-credit-card-clients v1,https://www.openml.org/d/42477,1,"['x1', 'x2', 'x3', 'x4', 'x5', 'x6', 'x7', 'x8', 'x9', 'x10', 'x11', 'x12', 'x13', 'x14', 'x15', 'x16', 'x17', 'x18', 'x19', 'x20', 'x21', 'x22', 'x23', 'y']",24,23,1,"1,74"
CRED-020,LoanDefaultPrediction,https://www.openml.org/d/44067,1,"['id', 'f1', 'f2', 'f3', 'f5', 'f6', 'f7', 'f8', 'f9', 'f10', 'f13', 'f14', 'f15', 'f16', 'f17', 'f18', 'f19', 'f20', 'f21', 'f22', 'f23', 'f24', 'f25', 'f26', 'f27', 'f28', 'f29', 'f30', 'f31', 'f32', 'f36', 'f39', 'f40', 'f41', 'f42', 'f43', 'f44', 'f45', 'f46', 'f47', 'f48', 'f49', 'f50', 'f51', 'f52', 'f53', 'f54', 'f55', 'f56', 'f57', 'f58', 'f59', 'f60', 'f61', 'f62', 'f63', 'f64', 'f65', 'f66', 'f67', 'f68', 'f69', 'f70', 'f71', 'f72', 'f73', 'f74', 'f75', 'f76', 'f77', 'f78', 'f79', 'f80', 'f81', 'f82', 'f84', 'f85', 'f86', 'f87', 'f88', 'f89', 'f90', 'f91', 'f92', 'f94', 'f95', 'f96', 'f97', 'f98', 'f99', 'f100', 'f101', 'f102', 'f104', 'f105', 'f106', 'f107', 'f108', 'f109', 'f110', 'f111', 'f112', 'f114', 'f115', 'f116', 'f117', 'f118', 'f119', 'f120', 'f121', 'f122', 'f124', 'f125', 'f126', 'f127', 'f128', 'f129', 'f130', 'f131', 'f132', 'f133', 'f134', 'f135', 'f136', 'f137', 'f138', 'f139', 'f140', 'f141', 'f142', 'f143', 'f144', 'f145', 'f146', 'f147', 'f148', 'f149', 'f150', 'f151', 'f153', 'f154', 'f155', 'f156', 'f157', 'f158', 'f159', 'f160', 'f161', 'f163', 'f164', 'f165', 'f166', 'f167', 'f168', 'f169', 'f170', 'f171', 'f173', 'f174', 'f175', 'f176', 'f177', 'f178', 'f179', 'f180', 'f181', 'f183', 'f184', 'f185', 'f186', 'f187', 'f188', 'f189', 'f190', 'f191', 'f193', 'f194', 'f195', 'f196', 'f197', 'f198', 'f199', 'f200', 'f201', 'f202', 'f203', 'f204', 'f205', 'f206', 'f207', 'f208', 'f209', 'f210', 'f211', 'f212', 'f213', 'f214', 'f215', 'f216', 'f217', 'f218', 'f219', 'f220', 'f221', 'f223', 'f224', 'f225', 'f226', 'f227', 'f228', 'f229', 'f230', 'f231', 'f233', 'f234', 'f235', 'f236', 'f237', 'f238', 'f239', 'f240', 'f241', 'f243', 'f244', 'f245', 'f246', 'f247', 'f248', 'f249', 'f250', 'f251', 'f253', 'f254', 'f255', 'f256', 'f257', 'f258', 'f259', 'f260', 'f261', 'f263', 'f264', 'f265', 'f266', 'f267', 'f268', 'f269', 'f270', 'f271', 'f272', 'f273', 'f274', 'f275', 'f276', 'f277', 'f278', 'f279', 'f280', 'f281', 'f282', 'f283', 'f284', 'f285', 'f286', 'f287', 'f288', 'f289', 'f290', 'f292', 'f293', 'f294', 'f295', 'f296', 'f297', 'f298', 'f300', 'f301', 'f302', 'f303', 'f304', 'f305', 'f306', 'f308', 'f309', 'f310', 'f311', 'f312', 'f313', 'f314', 'f316', 'f317', 'f318', 'f319', 'f320', 'f321', 'f322', 'f324', 'f325', 'f326', 'f327', 'f328', 'f329', 'f330', 'f331', 'f332', 'f333', 'f334', 'f335', 'f336', 'f337', 'f338', 'f339', 'f340', 'f341', 'f342', 'f343', 'f344', 'f345', 'f346', 'f347', 'f348', 'f349', 'f350', 'f351', 'f352', 'f353', 'f354', 'f355', 'f356', 'f357', 'f358', 'f359', 'f360', 'f361', 'f362', 'f363', 'f364', 'f365', 'f366', 'f367', 'f368', 'f369', 'f370', 'f371', 'f372', 'f373', 'f374', 'f375', 'f376', 'f377', 'f378', 'f379', 'f380', 'f381', 'f382', 'f383', 'f384', 'f385', 'f386', 'f387', 'f388', 'f389', 'f390', 'f391', 'f392', 'f393', 'f394', 'f395', 'f396', 'f397', 'f398', 'f399', 'f400', 'f401', 'f402', 'f403', 'f404', 'f405', 'f406', 'f407', 'f408', 'f409', 'f410', 'f411', 'f412', 'f413', 'f414', 'f415', 'f416', 'f417', 'f418', 'f419', 'f420', 'f421', 'f422', 'f423', 'f424', 'f425', 'f426', 'f427', 'f428', 'f429', 'f430', 'f431', 'f432', 'f433', 'f434', 'f435', 'f436', 'f437', 'f438', 'f439', 'f440', 'f441', 'f442', 'f443', 'f444', 'f445', 'f446', 'f447', 'f448', 'f449', 'f450', 'f451', 'f452', 'f453', 'f454', 'f455', 'f456', 'f457', 'f458', 'f459', 'f460', 'f461', 'f464', 'f465', 'f466', 'f467', 'f468', 'f469', 'f470', 'f471', 'f472', 'f475', 'f476', 'f477', 'f478', 'f479', 'f480', 'f481', 'f482', 'f483', 'f484', 'f485', 'f486', 'f487', 'f488', 'f489', 'f490', 'f491', 'f492', 'f493', 'f494', 'f495', 'f496', 'f497', 'f498', 'f499', 'f500', 'f501', 'f502', 'f503', 'f504', 'f505', 'f506', 'f507', 'f508', 'f509', 'f510', 'f511', 'f512', 'f513', 'f514', 'f515', 'f516', 'f517', 'f518', 'f519', 'f520', 'f521', 'f522', 'f523', 'f524', 'f525', 'f526', 'f527', 'f528', 'f529', 'f530', 'f531', 'f532', 'f533', 'f534', 'f535', 'f536', 'f537', 'f538', 'f539', 'f540', 'f541', 'f542', 'f543', 'f544', 'f545', 'f546', 'f547', 'f548', 'f549', 'f550', 'f551', 'f552', 'f553', 'f554', 'f555', 'f556', 'f557', 'f558', 'f559', 'f560', 'f561', 'f562', 'f563', 'f564', 'f565', 'f566', 'f567', 'f568', 'f569', 'f570', 'f571', 'f572', 'f573', 'f574', 'f575', 'f576', 'f577', 'f578', 'f579', 'f580', 'f581', 'f582', 'f583', 'f584', 'f585', 'f586', 'f587', 'f588', 'f589', 'f590', 'f591', 'f592', 'f593', 'f594', 'f595', 'f596', 'f597', 'f598', 'f599', 'f600', 'f601', 'f604', 'f606', 'f607', 'f608', 'f609', 'f610', 'f611', 'f612', 'f613', 'f614', 'f615', 'f616', 'f617', 'f618', 'f619', 'f620', 'f621', 'f622', 'f623', 'f624', 'f625', 'f626', 'f627', 'f628', 'f629', 'f630', 'f631', 'f632', 'f633', 'f634', 'f635', 'f636', 'f637', 'f638', 'f639', 'f640', 'f641', 'f642', 'f643', 'f644', 'f645', 'f646', 'f647', 'f648', 'f649', 'f650', 'f651', 'f652', 'f653', 'f654', 'f655', 'f656', 'f657', 'f658', 'f659', 'f660', 'f661', 'f662', 'f663', 'f664', 'f665', 'f666', 'f667', 'f668', 'f669', 'f670', 'f671', 'f672', 'f673', 'f674', 'f675', 'f676', 'f677', 'f680', 'f681', 'f682', 'f683', 'f684', 'f685', 'f686', 'f687', 'f688', 'f689', 'f690', 'f691', 'f692', 'f693', 'f694', 'f695', 'f696', 'f697', 'f698', 'f699', 'f703', 'f704', 'f705', 'f706', 'f707', 'f708', 'f709', 'f710', 'f711', 'f712', 'f713', 'f714', 'f715', 'f716', 'f717', 'f718', 'f719', 'f720', 'f721', 'f722', 'f723', 'f724', 'f726', 'f727', 'f728', 'f729', 'f730', 'f731', 'f732', 'f733', 'f734', 'f735', 'f737', 'f738', 'f739', 'f740', 'f741', 'f742', 'f743', 'f744', 'f745', 'f746', 'f747', 'f748', 'f749', 'f750', 'f751', 'f752', 'f753', 'f754', 'f755', 'f756', 'f757', 'f758', 'f759', 'f760', 'f761', 'f762', 'f763', 'f765', 'f766', 'f767', 'f768', 'f769', 'f770', 'f771', 'f772', 'f773', 'f774', 'f775', 'f776', 'f777', 'loss']",736,732,4,"141,96"
CRED-021,bank-marketing,https://www.openml.org/d/44074,1,"['V1', 'V6', 'V10', 'V12', 'V13', 'V14', 'V15', 'Class']",8,2,6,"0,09"
CRED-024,Give Me Some Credit,https://www.openml.org/search?type=data&id=45577&sort=runs&status=active,0,"['SeriousDlqin2yrs', 'RevolvingUtilizationOfUnsecuredLines', 'age', 'NumberOfTime30-59DaysPastDueNotWorse', 'DebtRatio', 'MonthlyIncome', 'NumberOfOpenCreditLinesAndLoans', 'NumberOfTimes90DaysLate', 'NumberRealEstateLoansOrLines', 'NumberOfTime60-89DaysPastDueNotWorse', 'NumberOfDependents']",11,10,1,"3,19"
CRED-026,Credit Card Fraud Detection (ULB),https://www.kaggle.com/datasets/mlg-ulb/creditcardfraud,1,"['Time', 'V1', 'V2', 'V3', 'V4', 'V5', 'V6', 'V7', 'V8', 'V9', 'V10', 'V11', 'V12', 'V13', 'V14', 'V15', 'V16', 'V17', 'V18', 'V19', 'V20', 'V21', 'V22', 'V23', 'V24', 'V25', 'V26', 'V27', 'V28', 'Amount', 'Class']",31,31,0,"143,84"
CRED-027,Credit Risk Dataset (laotse),https://www.kaggle.com/datasets/laotse/credit-risk-dataset,0,"['person_age', 'person_income', 'person_home_ownership', 'person_emp_length', 'loan_intent', 'loan_grade', 'loan_amnt', 'loan_int_rate', 'loan_status', 'loan_percent_income', 'cb_person_default_on_file', 'cb_person_cred_hist_length']",12,8,4,"1,72"
CRED-028,Automobile Loan Default Dataset,https://www.kaggle.com/datasets/saurabhbagchi/dish-network-hackathon,0,"['ID', 'Client_Income', 'Car_Owned', 'Bike_Owned', 'Active_Loan', 'House_Own', 'Child_Count', 'Credit_Amount', 'Loan_Annuity', 'Accompany_Client', 'Client_Income_Type', 'Client_Education', 'Client_Marital_Status', 'Client_Gender', 'Loan_Contract_Type', 'Client_Housing_Type', 'Population_Region_Relative', 'Age_Days', 'Employed_Days', 'Registration_Days', 'ID_Days', 'Own_House_Age', 'Mobile_Tag', 'Homephone_Tag', 'Workphone_Working', 'Client_Occupation', 'Client_Family_Members', 'Cleint_City_Rating', 'Application_Process_Day', 'Application_Process_Hour', 'Client_Permanent_Match_Tag', 'Client_Contact_Work_Tag', 'Type_Organization', 'Score_Source_1', 'Score_Source_2', 'Score_Source_3', 'Social_Circle_Default', 'Phone_Change', 'Credit_Bureau', 'Default']",40,19,21,"37,57"
CRED-029,Credit Card Fraud Detection 2023,https://www.kaggle.com/datasets/nelgiriyewithana/credit-card-fraud-detection-dataset-2023,1,"['id', 'V1', 'V2', 'V3', 'V4', 'V5', 'V6', 'V7', 'V8', 'V9', 'V10', 'V11', 'V12', 'V13', 'V14', 'V15', 'V16', 'V17', 'V18', 'V19', 'V20', 'V21', 'V22', 'V23', 'V24', 'V25', 'V26', 'V27', 'V28', 'Amount', 'Class']",31,31,0,"309,76"
CRED-031,Loan Approval Prediction Dataset,https://www.kaggle.com/datasets/architsharma01/loan-approval-prediction-dataset,0,"['loan_id', ' no_of_dependents', ' education', ' self_employed', ' income_annum', ' loan_amount', ' loan_term', ' cibil_score', ' residential_assets_value', ' commercial_assets_value', ' luxury_assets_value', ' bank_asset_value', ' loan_status']",13,10,3,"0,37"
CRED-032,Credit Risk Benchmark Dataset,https://www.kaggle.com/datasets/adilshamim8/credit-risk-benchmark-dataset,0,"['rev_util', 'age', 'late_30_59', 'debt_ratio', 'monthly_inc', 'open_credit', 'late_90', 'real_estate', 'late_60_89', 'dependents', 'dlq_2yrs']",11,11,0,"0,98"
CRED-033,Prosper Loan Dataset,https://www.kaggle.com/datasets/nurudeenabdulsalaam/prosper-loan-dataset,0,"['ListingKey', 'ListingNumber', 'ListingCreationDate', 'CreditGrade', 'Term', 'LoanStatus', 'ClosedDate', 'BorrowerAPR', 'BorrowerRate', 'LenderYield', 'EstimatedEffectiveYield', 'EstimatedLoss', 'EstimatedReturn', 'ProsperRating (numeric)', 'ProsperRating (Alpha)', 'ProsperScore', 'ListingCategory (numeric)', 'BorrowerState', 'Occupation', 'EmploymentStatus', 'EmploymentStatusDuration', 'IsBorrowerHomeowner', 'CurrentlyInGroup', 'GroupKey', 'DateCreditPulled', 'CreditScoreRangeLower', 'CreditScoreRangeUpper', 'FirstRecordedCreditLine', 'CurrentCreditLines', 'OpenCreditLines', 'TotalCreditLinespast7years', 'OpenRevolvingAccounts', 'OpenRevolvingMonthlyPayment', 'InquiriesLast6Months', 'TotalInquiries', 'CurrentDelinquencies', 'AmountDelinquent', 'DelinquenciesLast7Years', 'PublicRecordsLast10Years', 'PublicRecordsLast12Months', 'RevolvingCreditBalance', 'BankcardUtilization', 'AvailableBankcardCredit', 'TotalTrades', 'TradesNeverDelinquent (percentage)', 'TradesOpenedLast6Months', 'DebtToIncomeRatio', 'IncomeRange', 'IncomeVerifiable', 'StatedMonthlyIncome', 'LoanKey', 'TotalProsperLoans', 'TotalProsperPaymentsBilled', 'OnTimeProsperPayments', 'ProsperPaymentsLessThanOneMonthLate', 'ProsperPaymentsOneMonthPlusLate', 'ProsperPrincipalBorrowed', 'ProsperPrincipalOutstanding', 'ScorexChangeAtTimeOfListing', 'LoanCurrentDaysDelinquent', 'LoanFirstDefaultedCycleNumber', 'LoanMonthsSinceOrigination', 'LoanNumber', 'LoanOriginalAmount', 'LoanOriginationDate', 'LoanOriginationQuarter', 'MemberKey', 'MonthlyLoanPayment', 'LP_CustomerPayments', 'LP_CustomerPrincipalPayments', 'LP_InterestandFees', 'LP_ServiceFees', 'LP_CollectionFees', 'LP_GrossPrincipalLoss', 'LP_NetPrincipalLoss', 'LP_NonPrincipalRecoverypayments', 'PercentFunded', 'Recommendations', 'InvestmentFromFriendsCount', 'InvestmentFromFriendsAmount', 'Investors']",81,61,20,"82,47"
CRED-034,Corporate Credit Rating,https://www.kaggle.com/datasets/agewerc/corporate-credit-rating,0,"['Rating', 'Name', 'Symbol', 'Rating Agency Name', 'Date', 'Sector', 'currentRatio', 'quickRatio', 'cashRatio', 'daysOfSalesOutstanding', 'netProfitMargin', 'pretaxProfitMargin', 'grossProfitMargin', 'operatingProfitMargin', 'returnOnAssets', 'returnOnCapitalEmployed', 'returnOnEquity', 'assetTurnover', 'fixedAssetTurnover', 'debtEquityRatio', 'debtRatio', 'effectiveTaxRate', 'freeCashFlowOperatingCashFlowRatio', 'freeCashFlowPerShare', 'cashPerShare', 'companyEquityMultiplier', 'ebitPerRevenue', 'enterpriseValueMultiple', 'operatingCashFlowPerShare', 'operatingCashFlowSalesRatio', 'payablesTurnover']",31,25,6,"0,73"
CRED-035,SME Credit Analysis,https://www.kaggle.com/datasets/youssefismail20/credit-and-smes-synth-data-credit-analysis,0,"['CustomerID', 'Name', 'Age', 'CreditScore', 'TransactionAmount', 'LoanAmount', 'LatePayments']",7,5,2,"0,09"
CRED-037,Loan Default Prediction Challenge,https://www.kaggle.com/datasets/nikhil1e9/loan-default,0,"['LoanID', 'Age', 'Income', 'LoanAmount', 'CreditScore', 'MonthsEmployed', 'NumCreditLines', 'InterestRate', 'LoanTerm', 'DTIRatio', 'Education', 'EmploymentType', 'MaritalStatus', 'HasMortgage', 'HasDependents', 'LoanPurpose', 'HasCoSigner', 'Default']",18,10,8,"23,68"
CRED-039,Advanced Credit Default Intel,https://www.kaggle.com/datasets/bornaetminan/advanced-credit-default-intelligence-dataset,0,"['person_age', 'person_income', 'person_emp_length', 'loan_amnt', 'loan_int_rate', 'loan_status', 'loan_percent_income', 'cb_person_cred_hist_length', 'income_to_loan_ratio', 'credit_history_age_ratio', 'person_home_ownership_OTHER', 'person_home_ownership_OWN', 'person_home_ownership_RENT', 'loan_intent_EDUCATION', 'loan_intent_HOMEIMPROVEMENT', 'loan_intent_MEDICAL', 'loan_intent_PERSONAL', 'loan_intent_VENTURE', 'loan_grade_B', 'loan_grade_C', 'loan_grade_D', 'loan_grade_E', 'loan_grade_F', 'loan_grade_G', 'cb_person_default_on_file_Y']",25,10,15,"12,97"
CRED-040,Consumer Loan Defaulters,https://www.kaggle.com/datasets/lavish619/consumer-loan-product-defaulters-dataset,0,"['Id', 'income', 'age', 'experience', 'married', 'house_ownership', 'car_ownership', 'profession', 'city', 'state', 'current_job_years', 'current_house_years', 'risk_flag']",13,7,6,"19,19"
CRED-041,Bank Loan Data,https://www.kaggle.com/datasets/udaymalviya/bank-loan-data,0,"['person_age', 'person_gender', 'person_education', 'person_income', 'person_emp_exp', 'person_home_ownership', 'loan_amnt', 'loan_intent', 'loan_int_rate', 'loan_percent_income', 'cb_person_cred_hist_length', 'credit_score', 'previous_loan_defaults_on_file', 'loan_status']",14,9,5,"3,44"
CRED-042,Credit Risk & Loan Analysis,https://www.kaggle.com/datasets/algozee/credit-risk-and-loan-default-analysis-dataset,0,"['Age', 'Income', 'LoanAmount', 'CreditScore', 'YearsExperience', 'Gender', 'Education', 'City', 'EmploymentType', 'LoanApproved']",10,6,4,"0,31"
CRED-043,Credit Card Default (miadul),https://www.kaggle.com/datasets/miadul/credit-card-fraud-detection-dataset,0,"['transaction_id', 'amount', 'transaction_hour', 'merchant_category', 'foreign_transaction', 'location_mismatch', 'device_trust_score', 'velocity_last_24h', 'cardholder_age', 'is_fraud']",10,9,1,"0,34"
CRED-044,Comprehensive Credit Card Trans.,https://www.kaggle.com/datasets/rajatsurana979/comprehensive-credit-card-transactions-dataset,0,"['Customer ID', 'Name', 'Surname', 'Gender', 'Birthdate', 'Transaction Amount', 'Date', 'Merchant Name', 'Category']",9,2,7,"3,81"
CRED-045,Loan Payments Data (zhijinzhai),https://www.kaggle.com/datasets/zhijinzhai/loandata,0,"['Loan_ID', 'loan_status', 'Principal', 'terms', 'effective_date', 'due_date', 'paid_off_time', 'past_due_days', 'age', 'education', 'Gender']",11,4,7,"0,04"
CRED-046,Financial Transactions Dataset for Fraud Detection,https://www.kaggle.com/datasets/aryan208/financial-transactions-dataset-for-fraud-detection,0,"['transaction_id', 'timestamp', 'sender_account', 'receiver_account', 'amount', 'transaction_type', 'merchant_category', 'location', 'device_used', 'is_fraud', 'fraud_type', 'time_since_last_transaction', 'spending_deviation_score', 'velocity_score', 'geo_anomaly_score', 'payment_channel', 'ip_address', 'device_hash']",18,5,13,"759,17"
CRED-047,Bank Transactions for Fraud,https://www.kaggle.com/datasets/valakhorasani/bank-transaction-dataset-for-fraud-detection,0,"['TransactionID', 'AccountID', 'TransactionAmount', 'TransactionDate', 'TransactionType', 'Location', 'DeviceID', 'IP Address', 'MerchantID', 'Channel', 'CustomerAge', 'CustomerOccupation', 'TransactionDuration', 'LoginAttempts', 'AccountBalance', 'PreviousTransactionDate']",16,5,11,"0,33"
CRED-048,Large-Scale Financial Fraud,https://www.kaggle.com/datasets/mdmahfuzsumon/large-scale-financial-fraud-dataset,0,"['organization', 'transaction_id', 'user_id', 'user_account_age_days', 'kyc_verified', 'payment_method', 'card_type', 'transaction_amount', 'currency', 'fee_amount', 'transaction_timestamp', 'day_of_week', 'city', 'country', 'device_type', 'operating_system', 'browser', 'merchant_category', 'transaction_type', 'otp_used', 'is_fraud', 'hour', 'is_night', 'time_diff']",24,9,15,"178,97"
CRED-050,AltCredit: Mobile Data Loan,https://www.kaggle.com/datasets/mastershomya/altcredit-predict-loan-default-from-mobile-data,0,"['unique_apps_per_day', 'avg_daily_screen_time_hrs', 'financial_apps_installed', 'online_txn_count_last_30d', 'avg_txn_amount', 'bank_sms_count', 'avg_distance_travelled_km', 'places_visited_weekly', 'calls_per_day', 'distinct_contacts_weekly', 'avg_call_duration_mins', 'social_media_pct', 'finance_app_time_pct', 'regular_sleep_pattern', 'battery_charging_regular', 'monthly_data_usage_gb', 'recent_app_installs', 'income_bracket', 'existing_debt_amount', 'education_level', 'cluster_id', 'loan_amount_requested', 'savings_worth', 'employment_type', 'loan_default']",25,21,4,"3,86"
CRED-051,RAGnarok - Finance (Credit focus),https://www.kaggle.com/datasets/himanshusinghal19/ragnarok-finance,0,"['credit.policy', 'purpose', 'int.rate', 'installment', 'log.annual.inc', 'dti', 'fico', 'days.with.cr.line', 'revol.bal', 'revol.util', 'inq.last.6mths', 'delinq.2yrs', 'pub.rec', 'not.fully.paid']",14,13,1,"0,72"
CRED-052,Loan Data (ItsSuru),https://www.kaggle.com/datasets/itssuru/loan-data,0,"['credit.policy', 'purpose', 'int.rate', 'installment', 'log.annual.inc', 'dti', 'fico', 'days.with.cr.line', 'revol.bal', 'revol.util', 'inq.last.6mths', 'delinq.2yrs', 'pub.rec', 'not.fully.paid']",14,13,1,"0,72"
CRED-053,Credit Risk Analysis (Ramesh),https://www.kaggle.com/datasets/rameshmehta/credit-risk-analysis,0,"['id', 'member_id', 'loan_amnt', 'funded_amnt', 'funded_amnt_inv', 'term', 'int_rate', 'installment', 'grade', 'sub_grade', 'emp_title', 'emp_length', 'home_ownership', 'annual_inc', 'verification_status', 'issue_d', 'pymnt_plan', 'desc', 'purpose', 'title', 'zip_code', 'addr_state', 'dti', 'delinq_2yrs', 'earliest_cr_line', 'inq_last_6mths', 'mths_since_last_delinq', 'mths_since_last_record', 'open_acc', 'pub_rec', 'revol_bal', 'revol_util', 'total_acc', 'initial_list_status', 'out_prncp', 'out_prncp_inv', 'total_pymnt', 'total_pymnt_inv', 'total_rec_prncp', 'total_rec_int', 'total_rec_late_fee', 'recoveries', 'collection_recovery_fee', 'last_pymnt_d', 'last_pymnt_amnt', 'next_pymnt_d', 'last_credit_pull_d', 'collections_12_mths_ex_med', 'mths_since_last_major_derog', 'policy_code', 'application_type', 'annual_inc_joint', 'dti_joint', 'verification_status_joint', 'acc_now_delinq', 'tot_coll_amt', 'tot_cur_bal', 'open_acc_6m', 'open_il_6m', 'open_il_12m', 'open_il_24m', 'mths_since_rcnt_il', 'total_bal_il', 'il_util', 'open_rv_12m', 'open_rv_24m', 'max_bal_bc', 'all_util', 'total_rev_hi_lim', 'inq_fi', 'total_cu_tl', 'inq_last_12m', 'default_ind']",73,52,21,"317,33"
CRED-054,Loan Approval Dataset (Amn),https://www.kaggle.com/datasets/anishdevedward/loan-approval-dataset,0,"['name', 'city', 'income', 'credit_score', 'loan_amount', 'years_employed', 'points', 'loan_approved']",8,5,3,"0,11"
CRED-055,Loan Default Prediction (Seker),https://www.kaggle.com/datasets/sahideseker/loan-default-prediction-dataset,0,"['loan_id', 'income', 'loan_amount', 'employment_status', 'default']",5,3,2,"0,03"
CRED-056,Loan Approval Dataset (Mishra),https://www.kaggle.com/datasets/abhishekmishra08/loan-approval-datasets,0,"['Text', 'Income', 'Credit_Score', 'Loan_Amount', 'DTI_Ratio', 'Employment_Status', 'Approval']",7,4,3,"2,44"
CRED-058,Enterprise Fraud Detection,https://www.kaggle.com/datasets/mohamedasak/enterprise-fraud-detection-dataset,0,"['transaction_id', 'customer_id', 'merchant_id', 'timestamp', 'hour', 'day', 'weekday', 'is_weekend', 'is_night', 'customer_segment', 'avg_spend_profile', 'home_lat', 'home_lon', 'past_fraud_history', 'credit_score', 'account_age_days', 'merchant_category', 'merchant_risk_score', 'merchant_lat', 'merchant_lon', 'transaction_amount', 'txn_lat', 'txn_lon', 'distance_from_home_km', 'is_foreign', 'high_risk_country', 'device_type', 'channel', 'is_new_device', 'vpn_detected', 'tor_detected', 'device_id', 'transaction_velocity_1h', 'transaction_velocity_24h', 'transaction_velocity_7d', 'seconds_since_last_txn', 'avg_amount_30d', 'amount_deviation_ratio', 'merchant_ring_id', 'shared_device_count', 'customer_merchant_txn_count', 'label', 'fraud_type', 'financial_loss']",44,36,8,"69,2"
CRED-062,Santander Customer Transaction,https://www.kaggle.com/c/santander-customer-transaction-prediction,1,"['ID_code', 'target', 'var_0', 'var_1', 'var_2', 'var_3', 'var_4', 'var_5', 'var_6', 'var_7', 'var_8', 'var_9', 'var_10', 'var_11', 'var_12', 'var_13', 'var_14', 'var_15', 'var_16', 'var_17', 'var_18', 'var_19', 'var_20', 'var_21', 'var_22', 'var_23', 'var_24', 'var_25', 'var_26', 'var_27', 'var_28', 'var_29', 'var_30', 'var_31', 'var_32', 'var_33', 'var_34', 'var_35', 'var_36', 'var_37', 'var_38', 'var_39', 'var_40', 'var_41', 'var_42', 'var_43', 'var_44', 'var_45', 'var_46', 'var_47', 'var_48', 'var_49', 'var_50', 'var_51', 'var_52', 'var_53', 'var_54', 'var_55', 'var_56', 'var_57', 'var_58', 'var_59', 'var_60', 'var_61', 'var_62', 'var_63', 'var_64', 'var_65', 'var_66', 'var_67', 'var_68', 'var_69', 'var_70', 'var_71', 'var_72', 'var_73', 'var_74', 'var_75', 'var_76', 'var_77', 'var_78', 'var_79', 'var_80', 'var_81', 'var_82', 'var_83', 'var_84', 'var_85', 'var_86', 'var_87', 'var_88', 'var_89', 'var_90', 'var_91', 'var_92', 'var_93', 'var_94', 'var_95', 'var_96', 'var_97', 'var_98', 'var_99', 'var_100', 'var_101', 'var_102', 'var_103', 'var_104', 'var_105', 'var_106', 'var_107', 'var_108', 'var_109', 'var_110', 'var_111', 'var_112', 'var_113', 'var_114', 'var_115', 'var_116', 'var_117', 'var_118', 'var_119', 'var_120', 'var_121', 'var_122', 'var_123', 'var_124', 'var_125', 'var_126', 'var_127', 'var_128', 'var_129', 'var_130', 'var_131', 'var_132', 'var_133', 'var_134', 'var_135', 'var_136', 'var_137', 'var_138', 'var_139', 'var_140', 'var_141', 'var_142', 'var_143', 'var_144', 'var_145', 'var_146', 'var_147', 'var_148', 'var_149', 'var_150', 'var_151', 'var_152', 'var_153', 'var_154', 'var_155', 'var_156', 'var_157', 'var_158', 'var_159', 'var_160', 'var_161', 'var_162', 'var_163', 'var_164', 'var_165', 'var_166', 'var_167', 'var_168', 'var_169', 'var_170', 'var_171', 'var_172', 'var_173', 'var_174', 'var_175', 'var_176', 'var_177', 'var_178', 'var_179', 'var_180', 'var_181', 'var_182', 'var_183', 'var_184', 'var_185', 'var_186', 'var_187', 'var_188', 'var_189', 'var_190', 'var_191', 'var_192', 'var_193', 'var_194', 'var_195', 'var_196', 'var_197', 'var_198', 'var_199']",202,200,2,"197,1"
CRED-065,Vehicle Loan Default (L&T),https://www.kaggle.com/datasets/mamtadhaker/lt-vehicle-loan-default-prediction,0,"['UniqueID', 'disbursed_amount', 'asset_cost', 'ltv', 'branch_id', 'supplier_id', 'manufacturer_id', 'Current_pincode_ID', 'Date.of.Birth', 'Employment.Type', 'DisbursalDate', 'State_ID', 'Employee_code_ID', 'MobileNo_Avl_Flag', 'Aadhar_flag', 'PAN_flag', 'VoterID_flag', 'Driving_flag', 'Passport_flag', 'PERFORM_CNS.SCORE', 'PERFORM_CNS.SCORE.DESCRIPTION', 'PRI.NO.OF.ACCTS', 'PRI.ACTIVE.ACCTS', 'PRI.OVERDUE.ACCTS', 'PRI.CURRENT.BALANCE', 'PRI.SANCTIONED.AMOUNT', 'PRI.DISBURSED.AMOUNT', 'SEC.NO.OF.ACCTS', 'SEC.ACTIVE.ACCTS', 'SEC.OVERDUE.ACCTS', 'SEC.CURRENT.BALANCE', 'SEC.SANCTIONED.AMOUNT', 'SEC.DISBURSED.AMOUNT', 'PRIMARY.INSTAL.AMT', 'SEC.INSTAL.AMT', 'NEW.ACCTS.IN.LAST.SIX.MONTHS', 'DELINQUENT.ACCTS.IN.LAST.SIX.MONTHS', 'AVERAGE.ACCT.AGE', 'CREDIT.HISTORY.LENGTH', 'NO.OF_INQUIRIES']",40,34,6,"58,85"
CRED-066,Corporate Credit Rating with Financial Ratios,https://www.kaggle.com/datasets/kirtandelwadia/corporate-credit-rating-with-financial-ratios,0,"['Rating Agency', 'Corporation', 'Rating', 'Rating Date', 'CIK', 'Binary Rating', 'SIC Code', 'Sector', 'Ticker', 'Current Ratio', 'Long-term Debt / Capital', 'Debt/Equity Ratio', 'Gross Margin', 'Operating Margin', 'EBIT Margin', 'EBITDA Margin', 'Pre-Tax Profit Margin', 'Net Profit Margin', 'Asset Turnover', 'ROE - Return On Equity', 'Return On Tangible Equity', 'ROA - Return On Assets', 'ROI - Return On Investment', 'Operating Cash Flow Per Share', 'Free Cash Flow Per Share']",25,19,6,"1,57"
CRED-71,US Company Bankruptcy Prediction Dataset,https://www.kaggle.com/datasets/utkarshx27/american-companies-bankruptcy-prediction-dataset,1,"['company_name', 'status_label', 'year', 'X1', 'X2', 'X3', 'X4', 'X5', 'X6', 'X7', 'X8', 'X9', 'X10', 'X11', 'X12', 'X13', 'X14', 'X15', 'X16', 'X17', 'X18']",21,19,2,"10,73"
CRED-72,FICO-HELOC-cleaned,https://www.openml.org/d/45554,0,"['RiskPerformance', 'ExternalRiskEstimate', 'MSinceOldestTradeOpen', 'MSinceMostRecentTradeOpen', 'AverageMInFile', 'NumSatisfactoryTrades', 'NumTrades60Ever2DerogPubRec', 'NumTrades90Ever2DerogPubRec', 'PercentTradesNeverDelq', 'MSinceMostRecentDelq', 'MaxDelq2PublicRecLast12M', 'MaxDelqEver', 'NumTotalTrades', 'NumTradesOpeninLast12M', 'PercentInstallTrades', 'MSinceMostRecentInqexcl7days', 'NumInqLast6M', 'NumInqLast6Mexcl7days', 'NetFractionRevolvingBurden', 'NetFractionInstallBurden', 'NumRevolvingTradesWBalance', 'NumInstallTradesWBalance', 'NumBank2NatlTradesWHighUtilization', 'PercentTradesWBalance']",24,21,3,"0,18"
CRED-73,Real-Time Digital Credit Risk Dataset,https://www.kaggle.com/datasets/zara2099/real-time-digital-credit-risk-dataset,0,"['customer_id', 'monthly_income', 'loan_amount', 'credit_utilization_ratio', 'account_balance', 'monthly_transactions', 'avg_transaction_value', 'late_payment_count', 'repayment_consistency_score', 'previous_defaults', 'employment_years', 'dependents', 'account_age_months', 'recent_activity_score', 'credit_risk_class']",15,14,1,"0,27"
CRED-74,Bondora Peer-to-Peer Lending Loan Data,https://www.kaggle.com/datasets/sid321axn/bondora-peer-to-peer-lending-loan-data,0,"['ReportAsOfEOD', 'LoanId', 'LoanNumber', 'ListedOnUTC', 'BiddingStartedOn', 'BidsPortfolioManager', 'BidsApi', 'BidsManual', 'UserName', 'NewCreditCustomer', 'LoanApplicationStartedDate', 'LoanDate', 'ContractEndDate', 'FirstPaymentDate', 'MaturityDate_Original', 'MaturityDate_Last', 'ApplicationSignedHour', 'ApplicationSignedWeekday', 'VerificationType', 'LanguageCode', 'Age', 'DateOfBirth', 'Gender', 'Country', 'AppliedAmount', 'Amount', 'Interest', 'LoanDuration', 'MonthlyPayment', 'County', 'City', 'UseOfLoan', 'Education', 'MaritalStatus', 'NrOfDependants', 'EmploymentStatus', 'EmploymentDurationCurrentEmployer', 'EmploymentPosition', 'WorkExperience', 'OccupationArea', 'HomeOwnershipType', 'IncomeFromPrincipalEmployer', 'IncomeFromPension', 'IncomeFromFamilyAllowance', 'IncomeFromSocialWelfare', 'IncomeFromLeavePay', 'IncomeFromChildSupport', 'IncomeOther', 'IncomeTotal', 'ExistingLiabilities', 'LiabilitiesTotal', 'RefinanceLiabilities', 'DebtToIncome', 'FreeCash', 'MonthlyPaymentDay', 'ActiveScheduleFirstPaymentReached', 'PlannedPrincipalTillDate', 'PlannedInterestTillDate', 'LastPaymentOn', 'CurrentDebtDaysPrimary', 'DebtOccuredOn', 'CurrentDebtDaysSecondary', 'DebtOccuredOnForSecondary', 'ExpectedLoss', 'LossGivenDefault', 'ExpectedReturn', 'ProbabilityOfDefault', 'DefaultDate', 'PrincipalOverdueBySchedule', 'PlannedPrincipalPostDefault', 'PlannedInterestPostDefault', 'EAD1', 'EAD2', 'PrincipalRecovery', 'InterestRecovery', 'RecoveryStage', 'StageActiveSince', 'ModelVersion', 'Rating', 'EL_V0', 'Rating_V0', 'EL_V1', 'Rating_V1', 'Rating_V2', 'Status', 'Restructured', 'ActiveLateCategory', 'WorseLateCategory', 'CreditScoreEsMicroL', 'CreditScoreEsEquifaxRisk', 'CreditScoreFiAsiakasTietoRiskGrade', 'CreditScoreEeMini', 'PrincipalPaymentsMade', 'InterestAndPenaltyPaymentsMade', 'PrincipalWriteOffs', 'InterestAndPenaltyWriteOffs', 'PrincipalBalance', 'InterestAndPenaltyBalance', 'NoOfPreviousLoansBeforeLoan', 'AmountOfPreviousLoansBeforeLoan', 'PreviousRepaymentsBeforeLoan', 'PreviousEarlyRepaymentsBefoleLoan', 'PreviousEarlyRepaymentsCountBeforeLoan', 'GracePeriodStart', 'GracePeriodEnd', 'NextPaymentDate', 'NextPaymentNr', 'NrOfScheduledPayments', 'ReScheduledOn', 'PrincipalDebtServicingCost', 'InterestAndPenaltyDebtServicingCost', 'ActiveLateLastPaymentCategory']",112,74,38,"142,66"
CRED-75,Synthetic Financial Datasets For Fraud Detection (PaySim),https://www.kaggle.com/datasets/ealaxi/paysim1,0,"['step', 'type', 'amount', 'nameOrig', 'oldbalanceOrg', 'newbalanceOrig', 'nameDest', 'oldbalanceDest', 'newbalanceDest', 'isFraud', 'isFlaggedFraud']",11,8,3,"470,67"
CRED-76,Credit Score Classification,https://www.kaggle.com/datasets/parisrohan/credit-score-classification,0,"['ID', 'Customer_ID', 'Month', 'Name', 'Age', 'SSN', 'Occupation', 'Annual_Income', 'Monthly_Inhand_Salary', 'Num_Bank_Accounts', 'Num_Credit_Card', 'Interest_Rate', 'Num_of_Loan', 'Type_of_Loan', 'Delay_from_due_date', 'Num_of_Delayed_Payment', 'Changed_Credit_Limit', 'Num_Credit_Inquiries', 'Credit_Mix', 'Outstanding_Debt', 'Credit_Utilization_Ratio', 'Credit_History_Age', 'Payment_of_Min_Amount', 'Total_EMI_per_month', 'Amount_invested_monthly', 'Payment_Behaviour', 'Monthly_Balance']",27,8,19,"44,35"
CRED-77,Loan Application Fraud Detection Dataset,https://www.kaggle.com/datasets/ahluwaliasaksham/loan-fraud-detection-dataset,0,"['ip_region_mismatch', 'device_change_rate', 'application_frequency', 'loan_amount', 'institution', 'loan_type', 'session_duration', 'geo_location_consistency', 'previous_defaults', 'time_between_apps', 'browser_fingerprint_change', 'fraudulent']",12,10,2,"1,02"
CRED-78,Accounts Receivable and Payment Delay Analysis,https://www.kaggle.com/datasets/sonalisingh1411/accounts-receivable-and-payment-delay-analysis,0,"['Cust_Num', 'Payment_Method_description', 'Document_No', 'Amount', 'Amount_Bins', 'Clearing_doc', 'Zipcode', 'Region', 'City', 'Customer_Name', 'Age_Of_Customer_Months', 'Age_Of_Customer_Year', 'Customer_Age_Year_Bins', 'Payment_Term', 'Payment_Term_Bins', 'Days_Overdue_Delay', 'Delay_Bins', 'Doc_Date', 'Net_Due_Date', 'Posting_Date', 'Clearing_date', 'No_of_orders_by_customer', 'Rank_of_order_by_customer', 'Weekday_clearing', 'Weekday_due', 'Quarter_clearing', 'DelayFlag', 'Weekday_clearnum', 'Weekday_due.1']",29,14,15,"8,17"
CRED-79,Payment Card Fraud Detection with ML Models 2025,https://www.kaggle.com/datasets/pratyushpuri/payment-card-fraud-detection-with-ml-models-2025,0,"['Transaction_ID', 'Customer_ID', 'Transaction_Date', 'Transaction_Time', 'Customer_Age', 'Customer_Loyalty_Tier', 'Location', 'Store_ID', 'Product_SKU', 'Product_Category', 'Purchase_Amount', 'Payment_Method', 'Device_Type', 'IP_Address', 'Fraud_Flag', 'Footfall_Count']",16,4,12,"0,41"
CRED-81,Optimizing Default Model by First Payment Default,https://www.kaggle.com/competitions/optimizingdefaultmodelbyfirstpaymentdefault,1,"['feature_1', 'feature_2', 'feature_3', 'feature_4', 'feature_5', 'feature_6', 'feature_7', 'feature_8', 'feature_9', 'feature_10', 'feature_11', 'feature_12', 'feature_13', 'feature_14', 'feature_15', 'feature_16', 'feature_17', 'feature_18', 'feature_19', 'feature_20', 'feature_21', 'feature_22', 'feature_23', 'feature_24', 'feature_25', 'feature_26', 'feature_27', 'feature_28', 'feature_29', 'feature_30', 'feature_31', 'feature_32', 'feature_33', 'feature_34', 'feature_35', 'feature_36', 'feature_37', 'feature_38', 'feature_39', 'feature_40', 'feature_41', 'feature_42', 'feature_43', 'feature_44', 'feature_45', 'feature_46', 'feature_47', 'feature_48', 'feature_49', 'feature_50', 'feature_51', 'feature_52', 'feature_53', 'feature_54', 'feature_55', 'feature_56', 'feature_57', 'feature_58', 'feature_59', 'feature_60', 'feature_61', 'feature_62', 'feature_63', 'feature_64', 'feature_65', 'feature_66', 'feature_67', 'feature_68', 'feature_69', 'feature_70', 'feature_71', 'feature_72', 'feature_73', 'feature_74', 'feature_75', 'feature_76', 'feature_77', 'feature_78', 'feature_79', 'feature_80', 'feature_81', 'feature_82', 'feature_83', 'feature_84', 'feature_85', 'ID', 'target']",87,81,6,"13,38"