variavel_original,conceito_padronizado,macro_categoria
status,loan_status,INSTITUTIONAL and FINANCIAL
duration,payment_term_duration,INSTITUTIONAL and FINANCIAL
credit_history,credit_rating,INSTITUTIONAL and FINANCIAL
purpose,loan_purpose,INSTITUTIONAL and FINANCIAL
amount,loan_amount,INSTITUTIONAL and FINANCIAL
savings,savings_amount,INSTITUTIONAL and FINANCIAL
employment_duration,total_work_experience_duration,SOCIOECONOMIC
installment_rate,installment_rate,INSTITUTIONAL and FINANCIAL
personal_status_sex,gender,DEMOGRAPHIC
other_debtors,co_debtor_count,INSTITUTIONAL and FINANCIAL
present_residence,residential_stability,SOCIOECONOMIC
property,asset_ownership,SOCIOECONOMIC
age,age,DEMOGRAPHIC
other_installment_plans,installment_plan_count,INSTITUTIONAL and FINANCIAL
housing,residential_stability,SOCIOECONOMIC
number_credits,installment_plan_count,INSTITUTIONAL and FINANCIAL
job,employment_stability,SOCIOECONOMIC
people_liable,dependents_count,SOCIOECONOMIC
foreign_worker,employment_status,SOCIOECONOMIC
credit_risk,credit_rating,INSTITUTIONAL and FINANCIAL
SeriousDlqin2yrs,serious_delinquency_indicator,INSTITUTIONAL and FINANCIAL
RevolvingUtilizationOfUnsecuredLines,credit_utilization_ratio,INSTITUTIONAL and FINANCIAL
age,age,DEMOGRAPHIC
NumberOfTime30-59DaysPastDueNotWorse,payment_delay_count,INSTITUTIONAL and FINANCIAL
DebtRatio,debt_ratio,INSTITUTIONAL and FINANCIAL
MonthlyIncome,monthly_income,SOCIOECONOMIC
NumberOfOpenCreditLinesAndLoans,open_credit_lines_count,INSTITUTIONAL and FINANCIAL
NumberOfTimes90DaysLate,payment_delay_count,INSTITUTIONAL and FINANCIAL
NumberRealEstateLoansOrLines,real_estate_loan_count,INSTITUTIONAL and FINANCIAL
NumberOfTime60-89DaysPastDueNotWorse,payment_delay_count,INSTITUTIONAL and FINANCIAL
NumberOfDependents,dependents_count,SOCIOECONOMIC
person_age,age,DEMOGRAPHIC
person_income,monthly_income,SOCIOECONOMIC
person_home_ownership,asset_ownership,SOCIOECONOMIC
person_emp_length,total_work_experience_duration,SOCIOECONOMIC
loan_intent,loan_purpose,INSTITUTIONAL and FINANCIAL
loan_grade,credit_rating,INSTITUTIONAL and FINANCIAL
loan_amnt,loan_amount,INSTITUTIONAL and FINANCIAL
loan_int_rate,loan_interest_rate,INSTITUTIONAL and FINANCIAL
loan_status,loan_status,INSTITUTIONAL and FINANCIAL
loan_percent_income,loan_to_income_ratio,INSTITUTIONAL and FINANCIAL
cb_person_default_on_file,serious_delinquency_indicator,INSTITUTIONAL and FINANCIAL
cb_person_cred_hist_length,credit_history_duration,INSTITUTIONAL and FINANCIAL
Client_Income,monthly_income,SOCIOECONOMIC
Car_Owned,asset_ownership,SOCIOECONOMIC
Bike_Owned,asset_ownership,SOCIOECONOMIC
Active_Loan,active_loan_indicator,INSTITUTIONAL and FINANCIAL
House_Own,asset_ownership,SOCIOECONOMIC
Child_Count,dependents_count,SOCIOECONOMIC
Credit_Amount,credit_amount,INSTITUTIONAL and FINANCIAL
Loan_Annuity,loan_annuity_amount,INSTITUTIONAL and FINANCIAL
Client_Income_Type,monthly_income,SOCIOECONOMIC
Client_Education,education,EDUCATIONAL
Client_Marital_Status,marital_status,DEMOGRAPHIC
Client_Gender,gender,DEMOGRAPHIC
Loan_Contract_Type,loan_contract_type,INSTITUTIONAL and FINANCIAL
Client_Housing_Type,residential_stability,SOCIOECONOMIC
Population_Region_Relative,city_economic_rating,MACROECONOMIC
Age_Days,age,DEMOGRAPHIC
Employed_Days,total_work_experience_duration,SOCIOECONOMIC
Own_House_Age,residential_stability,SOCIOECONOMIC
Client_Occupation,employment_status,SOCIOECONOMIC
Client_Family_Members,dependents_count,SOCIOECONOMIC
Cleint_City_Rating,city_economic_rating,MACROECONOMIC
Score_Source_1,credit_rating,INSTITUTIONAL and FINANCIAL
Score_Source_2,credit_score_source,INSTITUTIONAL and FINANCIAL
Score_Source_3,credit_score_source,INSTITUTIONAL and FINANCIAL
Credit_Bureau,credit_score_source,INSTITUTIONAL and FINANCIAL
Default,serious_delinquency_indicator,INSTITUTIONAL and FINANCIAL
no_of_dependents,dependents_count,SOCIOECONOMIC
education,education,EDUCATIONAL
self_employed,employment_status,SOCIOECONOMIC
income_annum,monthly_income,SOCIOECONOMIC
loan_amount,loan_amount,INSTITUTIONAL and FINANCIAL
loan_term,loan_duration,INSTITUTIONAL and FINANCIAL
cibil_score,credit_rating,INSTITUTIONAL and FINANCIAL
residential_assets_value,asset_ownership,SOCIOECONOMIC
commercial_assets_value,asset_ownership,SOCIOECONOMIC
luxury_assets_value,asset_ownership,SOCIOECONOMIC
bank_asset_value,asset_ownership,SOCIOECONOMIC
loan_status,active_loan_indicator,INSTITUTIONAL and FINANCIAL
rev_util,revolving_utilization_ratio,INSTITUTIONAL and FINANCIAL
age,age,DEMOGRAPHIC
late_30_59,payment_delay_count,INSTITUTIONAL and FINANCIAL
debt_ratio,debt_ratio,INSTITUTIONAL and FINANCIAL
monthly_inc,monthly_income,SOCIOECONOMIC
open_credit,open_credit_lines_count,INSTITUTIONAL and FINANCIAL
late_90,payment_delay_count,INSTITUTIONAL and FINANCIAL
real_estate,asset_ownership,SOCIOECONOMIC
late_60_89,payment_delay_count,INSTITUTIONAL and FINANCIAL
dependents,dependents_count,SOCIOECONOMIC
dlq_2yrs,serious_delinquency_indicator,INSTITUTIONAL and FINANCIAL
CreditGrade,credit_rating,INSTITUTIONAL and FINANCIAL
Term,loan_duration,INSTITUTIONAL and FINANCIAL
LoanStatus,active_loan_indicator,INSTITUTIONAL and FINANCIAL
BorrowerAPR,loan_annual_percentage_rate,INSTITUTIONAL and FINANCIAL
BorrowerRate,loan_interest_rate,INSTITUTIONAL and FINANCIAL
LenderYield,lender_yield_rate,INSTITUTIONAL and FINANCIAL
EstimatedEffectiveYield,estimated_effective_yield,INSTITUTIONAL and FINANCIAL
EstimatedLoss,estimated_loan_loss_amount,INSTITUTIONAL and FINANCIAL
EstimatedReturn,estimated_effective_yield,INSTITUTIONAL and FINANCIAL
ProsperRating (numeric),credit_score_source,INSTITUTIONAL and FINANCIAL
ProsperRating (Alpha),credit_score_source,INSTITUTIONAL and FINANCIAL
ProsperScore,credit_score_source,INSTITUTIONAL and FINANCIAL
BorrowerState,state,ALTERNATIVE
Occupation,occupation,SOCIOECONOMIC
EmploymentStatus,employment_status,SOCIOECONOMIC
EmploymentStatusDuration,employment_stability,SOCIOECONOMIC
IsBorrowerHomeowner,asset_ownership,SOCIOECONOMIC
CreditScoreRangeLower,credit_score,INSTITUTIONAL and FINANCIAL
CreditScoreRangeUpper,credit_score,INSTITUTIONAL and FINANCIAL
CurrentCreditLines,open_credit_lines_count,INSTITUTIONAL and FINANCIAL
OpenCreditLines,open_credit_lines_count,INSTITUTIONAL and FINANCIAL
TotalCreditLinespast7years,open_credit_lines_count,INSTITUTIONAL and FINANCIAL
OpenRevolvingAccounts,revolving_credit_lines_count,INSTITUTIONAL and FINANCIAL
OpenRevolvingMonthlyPayment,revolving_payment_amount,INSTITUTIONAL and FINANCIAL
InquiriesLast6Months,credit_inquiry_count,INSTITUTIONAL and FINANCIAL
TotalInquiries,credit_inquiry_count,INSTITUTIONAL and FINANCIAL
CurrentDelinquencies,delinquency_count,INSTITUTIONAL and FINANCIAL
AmountDelinquent,delinquency_amount,INSTITUTIONAL and FINANCIAL
DelinquenciesLast7Years,delinquency_count,INSTITUTIONAL and FINANCIAL
PublicRecordsLast10Years,public_record_count,INSTITUTIONAL and FINANCIAL
PublicRecordsLast12Months,public_record_count,INSTITUTIONAL and FINANCIAL
RevolvingCreditBalance,revolving_credit_balance,INSTITUTIONAL and FINANCIAL
BankcardUtilization,credit_utilization_ratio,INSTITUTIONAL and FINANCIAL
AvailableBankcardCredit,revolving_credit_balance,INSTITUTIONAL and FINANCIAL
TotalTrades,credit_line_count,INSTITUTIONAL and FINANCIAL
TradesNeverDelinquent (percentage),delinquency_free_rate,INSTITUTIONAL and FINANCIAL
TradesOpenedLast6Months,credit_line_count,INSTITUTIONAL and FINANCIAL
DebtToIncomeRatio,debt_ratio,INSTITUTIONAL and FINANCIAL
IncomeRange,monthly_income,SOCIOECONOMIC
IncomeVerifiable,income_verification_indicator,INSTITUTIONAL and FINANCIAL
StatedMonthlyIncome,monthly_income,SOCIOECONOMIC
TotalProsperLoans,credit_line_count,INSTITUTIONAL and FINANCIAL
TotalProsperPaymentsBilled,total_billed_amount,INSTITUTIONAL and FINANCIAL
OnTimeProsperPayments,on_time_payment_count,INSTITUTIONAL and FINANCIAL
ProsperPaymentsLessThanOneMonthLate,short_term_delinquency_count,INSTITUTIONAL and FINANCIAL
ProsperPaymentsOneMonthPlusLate,long_term_delinquency_count,INSTITUTIONAL and FINANCIAL
ProsperPrincipalBorrowed,loan_principal_amount,INSTITUTIONAL and FINANCIAL
ProsperPrincipalOutstanding,loan_outstanding_balance,INSTITUTIONAL and FINANCIAL
ScorexChangeAtTimeOfListing,credit_score_change,INSTITUTIONAL and FINANCIAL
LoanCurrentDaysDelinquent,delinquency_duration_days,INSTITUTIONAL and FINANCIAL
LoanFirstDefaultedCycleNumber,first_default_cycle_number,INSTITUTIONAL and FINANCIAL
LoanMonthsSinceOrigination,loan_duration,INSTITUTIONAL and FINANCIAL
LoanOriginalAmount,loan_amount,INSTITUTIONAL and FINANCIAL
LP_CustomerPrincipalPayments,principal_payment_amount,INSTITUTIONAL and FINANCIAL
LP_InterestandFees,interest_and_fees_amount,INSTITUTIONAL and FINANCIAL
LP_ServiceFees,service_fees_amount,INSTITUTIONAL and FINANCIAL
LP_CollectionFees,collection_fees_amount,INSTITUTIONAL and FINANCIAL
LP_GrossPrincipalLoss,gross_principal_loss_amount,INSTITUTIONAL and FINANCIAL
LP_NetPrincipalLoss,net_principal_loss_amount,INSTITUTIONAL and FINANCIAL
LP_NonPrincipalRecoverypayments,non_principal_recovery_amount,INSTITUTIONAL and FINANCIAL
PercentFunded,funding_percentage,INSTITUTIONAL and FINANCIAL
Recommendations,recommendation_count,ALTERNATIVE
InvestmentFromFriendsCount,friend_investment_count,ALTERNATIVE
InvestmentFromFriendsAmount,friend_investment_amount,ALTERNATIVE
Investors,investor_count,INSTITUTIONAL and FINANCIAL
Rating,credit_rating,INSTITUTIONAL and FINANCIAL
currentRatio,credit_utilization_ratio,INSTITUTIONAL and FINANCIAL
quickRatio,quick_ratio,INSTITUTIONAL and FINANCIAL
cashRatio,cash_ratio,INSTITUTIONAL and FINANCIAL
daysOfSalesOutstanding,days_sales_outstanding_duration,INSTITUTIONAL and FINANCIAL
netProfitMargin,net_profit_margin,INSTITUTIONAL and FINANCIAL
pretaxProfitMargin,pretax_profit_margin,INSTITUTIONAL and FINANCIAL
grossProfitMargin,gross_profit_margin,INSTITUTIONAL and FINANCIAL
operatingProfitMargin,operating_profit_margin,INSTITUTIONAL and FINANCIAL
returnOnAssets,return_on_assets,INSTITUTIONAL and FINANCIAL
returnOnCapitalEmployed,return_on_capital_employed,INSTITUTIONAL and FINANCIAL
returnOnEquity,return_on_equity,INSTITUTIONAL and FINANCIAL
assetTurnover,asset_turnover_ratio,INSTITUTIONAL and FINANCIAL
fixedAssetTurnover,asset_turnover_ratio,INSTITUTIONAL and FINANCIAL
debtEquityRatio,debt_ratio,INSTITUTIONAL and FINANCIAL
debtRatio,debt_ratio,INSTITUTIONAL and FINANCIAL
effectiveTaxRate,effective_tax_rate,INSTITUTIONAL and FINANCIAL
freeCashFlowOperatingCashFlowRatio,free_cash_flow_to_operating_cash_flow_ratio,INSTITUTIONAL and FINANCIAL
freeCashFlowPerShare,free_cash_flow_per_share,INSTITUTIONAL and FINANCIAL
cashPerShare,cash_per_share,INSTITUTIONAL and FINANCIAL
companyEquityMultiplier,equity_multiplier,INSTITUTIONAL and FINANCIAL
operatingCashFlowSalesRatio,operating_cash_flow_to_sales_ratio,INSTITUTIONAL and FINANCIAL
payablesTurnover,payables_turnover_ratio,INSTITUTIONAL and FINANCIAL
Age,age,DEMOGRAPHIC
CreditScore,credit_score,INSTITUTIONAL and FINANCIAL
TransactionAmount,transaction_amount,INSTITUTIONAL and FINANCIAL
LoanAmount,loan_amount,INSTITUTIONAL and FINANCIAL
LatePayments,late_payment_count,INSTITUTIONAL and FINANCIAL
Age,age,DEMOGRAPHIC
Income,monthly_income,SOCIOECONOMIC
LoanAmount,loan_amount,INSTITUTIONAL and FINANCIAL
CreditScore,credit_score,INSTITUTIONAL and FINANCIAL
MonthsEmployed,employment_stability,SOCIOECONOMIC
NumCreditLines,credit_line_count,INSTITUTIONAL and FINANCIAL
InterestRate,interest_rate,INSTITUTIONAL and FINANCIAL
LoanTerm,loan_duration,INSTITUTIONAL and FINANCIAL
DTIRatio,debt_ratio,INSTITUTIONAL and FINANCIAL
Education,education,SOCIOECONOMIC
EmploymentType,employment_status,SOCIOECONOMIC
MaritalStatus,marital_status,DEMOGRAPHIC
HasMortgage,mortgage_ownership_indicator,INSTITUTIONAL and FINANCIAL
HasDependents,dependents_count,SOCIOECONOMIC
LoanPurpose,loan_purpose,INSTITUTIONAL and FINANCIAL
HasCoSigner,cosigner_presence_indicator,INSTITUTIONAL and FINANCIAL
Default,loan_indicator,INSTITUTIONAL and FINANCIAL
person_age,age,DEMOGRAPHIC
person_income,monthly_income,SOCIOECONOMIC
person_emp_length,employment_stability,SOCIOECONOMIC
loan_amnt,loan_amount,INSTITUTIONAL and FINANCIAL
loan_int_rate,loan_interest_rate,INSTITUTIONAL and FINANCIAL
loan_status,loan_status,INSTITUTIONAL and FINANCIAL
loan_percent_income,loan_to_income_ratio,INSTITUTIONAL and FINANCIAL
cb_person_cred_hist_length,credit_history_duration,INSTITUTIONAL and FINANCIAL
income_to_loan_ratio,loan_to_income_ratio,INSTITUTIONAL and FINANCIAL
credit_history_age_ratio,credit_history_age_ratio,INSTITUTIONAL and FINANCIAL
person_home_ownership_OTHER,asset_ownership,SOCIOECONOMIC
person_home_ownership_OWN,asset_ownership,SOCIOECONOMIC
person_home_ownership_RENT,asset_ownership,SOCIOECONOMIC
loan_intent_EDUCATION,loan_purpose,INSTITUTIONAL and FINANCIAL
loan_intent_HOMEIMPROVEMENT,loan_purpose,INSTITUTIONAL and FINANCIAL
loan_intent_MEDICAL,loan_purpose,INSTITUTIONAL and FINANCIAL
loan_intent_PERSONAL,loan_purpose,INSTITUTIONAL and FINANCIAL
loan_intent_VENTURE,loan_purpose,INSTITUTIONAL and FINANCIAL
loan_grade_B,loan_risk_grade,INSTITUTIONAL and FINANCIAL
loan_grade_C,loan_risk_grade,INSTITUTIONAL and FINANCIAL
loan_grade_D,loan_risk_grade,INSTITUTIONAL and FINANCIAL
loan_grade_E,loan_risk_grade,INSTITUTIONAL and FINANCIAL
loan_grade_F,loan_risk_grade,INSTITUTIONAL and FINANCIAL
loan_grade_G,loan_risk_grade,INSTITUTIONAL and FINANCIAL
cb_person_default_on_file_Y,default_indicator,INSTITUTIONAL and FINANCIAL
income,monthly_income,SOCIOECONOMIC
age,age,DEMOGRAPHIC
experience,total_work_experience_duration,SOCIOECONOMIC
married,marital_status,DEMOGRAPHIC
house_ownership,asset_ownership,SOCIOECONOMIC
car_ownership,asset_ownership,SOCIOECONOMIC
profession,employment_status,SOCIOECONOMIC
city,geographic_region,ALTERNATIVE
state,state,ALTERNATIVE
current_job_years,employment_stability,SOCIOECONOMIC
current_house_years,residential_stability,SOCIOECONOMIC
risk_flag,loan_risk_grade,INSTITUTIONAL and FINANCIAL
person_age,age,DEMOGRAPHIC
person_gender,gender,DEMOGRAPHIC
person_education,education,EDUCATIONAL
person_income,monthly_income,SOCIOECONOMIC
person_emp_exp,total_work_experience_duration,SOCIOECONOMIC
person_home_ownership,asset_ownership,SOCIOECONOMIC
loan_amnt,loan_amount,INSTITUTIONAL and FINANCIAL
loan_intent,loan_purpose,INSTITUTIONAL and FINANCIAL
loan_int_rate,loan_interest_rate,INSTITUTIONAL and FINANCIAL
loan_percent_income,loan_to_income_ratio,INSTITUTIONAL and FINANCIAL
cb_person_cred_hist_length,credit_history_duration,INSTITUTIONAL and FINANCIAL
credit_score,credit_score,INSTITUTIONAL and FINANCIAL
previous_loan_defaults_on_file,loan_count,INSTITUTIONAL and FINANCIAL
loan_status,loan_status,INSTITUTIONAL and FINANCIAL
Age,age,DEMOGRAPHIC
Income,monthly_income,SOCIOECONOMIC
LoanAmount,loan_amount,INSTITUTIONAL and FINANCIAL
CreditScore,credit_score,INSTITUTIONAL and FINANCIAL
YearsExperience,total_work_experience_duration,SOCIOECONOMIC
Gender,gender,DEMOGRAPHIC
Education,education,SOCIOECONOMIC
City,geographic_region,ALTERNATIVE
EmploymentType,employment_status,SOCIOECONOMIC
LoanApproved,loan_approval_indicator,INSTITUTIONAL and FINANCIAL
amount,transaction_amount,INSTITUTIONAL and FINANCIAL
merchant_category,merchant_category,INSTITUTIONAL and FINANCIAL
foreign_transaction,foreign_transaction_indicator,INSTITUTIONAL and FINANCIAL
location_mismatch,ip_region_mismatch_indicator,ALTERNATIVE
device_trust_score,device_trust_score,ALTERNATIVE
velocity_last_24h,transaction_velocity,INSTITUTIONAL and FINANCIAL
cardholder_age,age,DEMOGRAPHIC
Gender,gender,DEMOGRAPHIC
Birthdate,age,DEMOGRAPHIC
Transaction Amount,transaction_amount,INSTITUTIONAL and FINANCIAL
loan_status,loan_risk_grade,INSTITUTIONAL and FINANCIAL
Principal,loan_principal_amount,INSTITUTIONAL and FINANCIAL
terms,loan_duration,INSTITUTIONAL and FINANCIAL
paid_off_time,loan_duration,INSTITUTIONAL and FINANCIAL
past_due_days,payment_delay_duration,INSTITUTIONAL and FINANCIAL
age,age,DEMOGRAPHIC
education,education,SOCIOECONOMIC
Gender,gender,DEMOGRAPHIC
amount,loan_amount,INSTITUTIONAL and FINANCIAL
merchant_category,merchant_category,INSTITUTIONAL and FINANCIAL
location,geographic_region,ALTERNATIVE
time_since_last_transaction,transaction_duration,INSTITUTIONAL and FINANCIAL
spending_deviation_score,level_of_expenditure_(spending_pattern),"VALUES, ATTITUDES and BEHAVIORAL"
velocity_score,transaction_velocity,INSTITUTIONAL and FINANCIAL
geo_anomaly_score,geographic_anomaly_score,ALTERNATIVE
TransactionAmount,transaction_amount,INSTITUTIONAL and FINANCIAL
Location,geographic_region,ALTERNATIVE
CustomerAge,age,DEMOGRAPHIC
CustomerOccupation,employment_status,SOCIOECONOMIC
TransactionDuration,transaction_duration,INSTITUTIONAL and FINANCIAL
AccountBalance,account_balance,INSTITUTIONAL and FINANCIAL
PreviousTransactionDate,last_transaction_date,INSTITUTIONAL and FINANCIAL
user_account_age_days,account_age,INSTITUTIONAL and FINANCIAL
payment_method,payment_method,INSTITUTIONAL and FINANCIAL
card_type,card_type,INSTITUTIONAL and FINANCIAL
transaction_amount,transaction_amount,INSTITUTIONAL and FINANCIAL
fee_amount,fee_amount,INSTITUTIONAL and FINANCIAL
city,geographic_region,ALTERNATIVE
country,geographic_region,ALTERNATIVE
merchant_category,consumer_behavior,"VALUES, ATTITUDES and BEHAVIORAL"
is_night,transaction_time_of_day_indicator,ALTERNATIVE
time_diff,time_interval_duration,ALTERNATIVE
unique_apps_per_day,unique_app_count,ALTERNATIVE
avg_daily_screen_time_hrs,screen_time_duration,ALTERNATIVE
financial_apps_installed,unique_app_count,ALTERNATIVE
online_txn_count_last_30d,transaction_count,INSTITUTIONAL and FINANCIAL
avg_txn_amount,transaction_amount,INSTITUTIONAL and FINANCIAL
bank_sms_count,bank_sms_count,ALTERNATIVE
avg_distance_travelled_km,average_distance_travelled,ALTERNATIVE
places_visited_weekly,places_visited_count,ALTERNATIVE
calls_per_day,call_count,ALTERNATIVE
distinct_contacts_weekly,unique_contact_count,ALTERNATIVE
avg_call_duration_mins,average_call_duration,ALTERNATIVE
social_media_pct,social_media_usage_ratio,ALTERNATIVE
finance_app_time_pct,finance_app_usage_percentage,ALTERNATIVE
regular_sleep_pattern,sleep_pattern_regularity,ALTERNATIVE
battery_charging_regular,battery_charging_regularity,ALTERNATIVE
monthly_data_usage_gb,data_usage_amount,ALTERNATIVE
recent_app_installs,app_install_count,ALTERNATIVE
income_bracket,monthly_income,SOCIOECONOMIC
existing_debt_amount,total_debt_amount,INSTITUTIONAL and FINANCIAL
education_level,education,EDUCATIONAL
loan_amount_requested,loan_amount,INSTITUTIONAL and FINANCIAL
savings_worth,savings_amount,INSTITUTIONAL and FINANCIAL
employment_type,employment_stability,SOCIOECONOMIC
loan_default,loan_count,INSTITUTIONAL and FINANCIAL
credit.policy,loan_approval_indicator,INSTITUTIONAL and FINANCIAL
purpose,loan_purpose,INSTITUTIONAL and FINANCIAL
int.rate,interest_rate,INSTITUTIONAL and FINANCIAL
installment,loan_installment_amount,INSTITUTIONAL and FINANCIAL
log.annual.inc,monthly_income,SOCIOECONOMIC
dti,debt_ratio,INSTITUTIONAL and FINANCIAL
fico,credit_score,INSTITUTIONAL and FINANCIAL
days.with.cr.line,account_age,INSTITUTIONAL and FINANCIAL
revol.bal,revolving_balance_amount,INSTITUTIONAL and FINANCIAL
revol.util,revolving_utilization_ratio,INSTITUTIONAL and FINANCIAL
inq.last.6mths,credit_inquiry_count,INSTITUTIONAL and FINANCIAL
delinq.2yrs,delinquency_count,INSTITUTIONAL and FINANCIAL
pub.rec,public_record_count,INSTITUTIONAL and FINANCIAL
not.fully.paid,loan_count,INSTITUTIONAL and FINANCIAL
credit.policy,credit_policy_indicator,INSTITUTIONAL and FINANCIAL
purpose,loan_purpose,INSTITUTIONAL and FINANCIAL
int.rate,interest_rate,INSTITUTIONAL and FINANCIAL
installment,loan_installment_amount,INSTITUTIONAL and FINANCIAL
log.annual.inc,monthly_income,SOCIOECONOMIC
dti,debt_ratio,INSTITUTIONAL and FINANCIAL
fico,credit_score,INSTITUTIONAL and FINANCIAL
days.with.cr.line,account_age,INSTITUTIONAL and FINANCIAL
revol.bal,revolving_balance_amount,INSTITUTIONAL and FINANCIAL
revol.util,credit_utilization_ratio,INSTITUTIONAL and FINANCIAL
inq.last.6mths,credit_inquiry_count,INSTITUTIONAL and FINANCIAL
delinq.2yrs,delinquency_count,INSTITUTIONAL and FINANCIAL
pub.rec,public_record_count,INSTITUTIONAL and FINANCIAL
not.fully.paid,loan_indicator,INSTITUTIONAL and FINANCIAL
loan_amnt,loan_amount,INSTITUTIONAL and FINANCIAL
funded_amnt,loan_amount,INSTITUTIONAL and FINANCIAL
funded_amnt_inv,loan_amount,INSTITUTIONAL and FINANCIAL
term,loan_duration,INSTITUTIONAL and FINANCIAL
int_rate,loan_interest_rate,INSTITUTIONAL and FINANCIAL
installment,loan_installment_amount,INSTITUTIONAL and FINANCIAL
grade,loan_risk_grade,INSTITUTIONAL and FINANCIAL
sub_grade,loan_risk_grade,INSTITUTIONAL and FINANCIAL
emp_title,job_title,SOCIOECONOMIC
emp_length,employment_stability,SOCIOECONOMIC
home_ownership,asset_ownership,SOCIOECONOMIC
annual_inc,monthly_income,SOCIOECONOMIC
pymnt_plan,payment_plan_type,INSTITUTIONAL and FINANCIAL
purpose,loan_purpose,INSTITUTIONAL and FINANCIAL
zip_code,postal_code,ALTERNATIVE
addr_state,residential_state,ALTERNATIVE
dti,debt_ratio,INSTITUTIONAL and FINANCIAL
delinq_2yrs,loan_count,INSTITUTIONAL and FINANCIAL
earliest_cr_line,account_age,INSTITUTIONAL and FINANCIAL
inq_last_6mths,credit_inquiry_count,INSTITUTIONAL and FINANCIAL
mths_since_last_delinq,time_since_last_delinquency,INSTITUTIONAL and FINANCIAL
mths_since_last_record,time_since_last_public_record,INSTITUTIONAL and FINANCIAL
open_acc,open_account_count,INSTITUTIONAL and FINANCIAL
pub_rec,public_record_count,INSTITUTIONAL and FINANCIAL
revol_bal,revolving_balance_amount,INSTITUTIONAL and FINANCIAL
revol_util,revolving_utilization_ratio,INSTITUTIONAL and FINANCIAL
total_acc,total_account_count,INSTITUTIONAL and FINANCIAL
out_prncp,outstanding_principal_amount,INSTITUTIONAL and FINANCIAL
out_prncp_inv,outstanding_principal_amount,INSTITUTIONAL and FINANCIAL
total_pymnt,total_payment_amount,INSTITUTIONAL and FINANCIAL
total_pymnt_inv,total_payment_amount,INSTITUTIONAL and FINANCIAL
total_rec_prncp,total_recovered_principal_amount,INSTITUTIONAL and FINANCIAL
total_rec_int,total_recovered_interest_amount,INSTITUTIONAL and FINANCIAL
total_rec_late_fee,total_recovered_late_fees_amount,INSTITUTIONAL and FINANCIAL
recoveries,total_recovery_amount,INSTITUTIONAL and FINANCIAL
collection_recovery_fee,collection_fees_amount,INSTITUTIONAL and FINANCIAL
last_pymnt_amnt,last_payment_amount,INSTITUTIONAL and FINANCIAL
collections_12_mths_ex_med,collections_count,INSTITUTIONAL and FINANCIAL
mths_since_last_major_derog,time_since_last_delinquency,INSTITUTIONAL and FINANCIAL
annual_inc_joint,monthly_income,SOCIOECONOMIC
dti_joint,debt_ratio,INSTITUTIONAL and FINANCIAL
verification_status_joint,income_verification_status,INSTITUTIONAL and FINANCIAL
acc_now_delinq,current_delinquency_count,INSTITUTIONAL and FINANCIAL
tot_coll_amt,total_collections_amount,INSTITUTIONAL and FINANCIAL
tot_cur_bal,total_current_balance,INSTITUTIONAL and FINANCIAL
open_acc_6m,open_account_count,INSTITUTIONAL and FINANCIAL
open_il_6m,opened_installment_loans_count,INSTITUTIONAL and FINANCIAL
open_il_12m,opened_installment_loans_count,INSTITUTIONAL and FINANCIAL
open_il_24m,opened_installment_loans_count,INSTITUTIONAL and FINANCIAL
mths_since_rcnt_il,time_since_last_installment_loan,INSTITUTIONAL and FINANCIAL
total_bal_il,installment_loan_balance,INSTITUTIONAL and FINANCIAL
il_util,installment_loan_utilization_rate,INSTITUTIONAL and FINANCIAL
open_rv_12m,opened_revolving_accounts_count,INSTITUTIONAL and FINANCIAL
open_rv_24m,opened_revolving_accounts_count,INSTITUTIONAL and FINANCIAL
max_bal_bc,maximum_balance_amount,INSTITUTIONAL and FINANCIAL
all_util,total_credit_utilization_rate,INSTITUTIONAL and FINANCIAL
total_rev_hi_lim,total_revolving_credit_limit,INSTITUTIONAL and FINANCIAL
inq_fi,credit_inquiry_count,INSTITUTIONAL and FINANCIAL
total_cu_tl,total_credit_utilization_rate,INSTITUTIONAL and FINANCIAL
inq_last_12m,credit_inquiry_count,INSTITUTIONAL and FINANCIAL
default_ind,default_indicator,INSTITUTIONAL and FINANCIAL
city,geographic_region,ALTERNATIVE
income,monthly_income,SOCIOECONOMIC
credit_score,credit_score,INSTITUTIONAL and FINANCIAL
loan_amount,loan_amount,INSTITUTIONAL and FINANCIAL
years_employed,total_work_experience_duration,SOCIOECONOMIC
points,credit_score,INSTITUTIONAL and FINANCIAL
income,monthly_income,SOCIOECONOMIC
loan_amount,loan_amount,INSTITUTIONAL and FINANCIAL
employment_status,employment_status,SOCIOECONOMIC
default,default_status,INSTITUTIONAL and FINANCIAL
Income,monthly_income,SOCIOECONOMIC
Credit_Score,credit_score,INSTITUTIONAL and FINANCIAL
Loan_Amount,loan_amount,INSTITUTIONAL and FINANCIAL
DTI_Ratio,debt_ratio,INSTITUTIONAL and FINANCIAL
Employment_Status,employment_status,SOCIOECONOMIC
Approval,loan_approval_status,INSTITUTIONAL and FINANCIAL
is_night,night_activity_indicator,ALTERNATIVE
avg_spend_profile,level_of_expenditure_(spending_pattern),"VALUES, ATTITUDES and BEHAVIORAL"
home_lat,residential_latitude,ALTERNATIVE
home_lon,residential_longitude,ALTERNATIVE
past_fraud_history,fraud_history_indicator,INSTITUTIONAL and FINANCIAL
credit_score,credit_score,INSTITUTIONAL and FINANCIAL
account_age_days,account_tenure_duration,INSTITUTIONAL and FINANCIAL
merchant_risk_score,merchant_risk_score,INSTITUTIONAL and FINANCIAL
merchant_lat,merchant_latitude,ALTERNATIVE
merchant_lon,merchant_longitude,ALTERNATIVE
transaction_amount,transaction_amount,INSTITUTIONAL and FINANCIAL
txn_lat,transaction_latitude,ALTERNATIVE
txn_lon,transaction_longitude,ALTERNATIVE
distance_from_home_km,distance_from_home_amount,ALTERNATIVE
is_foreign,foreign_transaction_indicator,ALTERNATIVE
high_risk_country,country_risk_indicator,ALTERNATIVE
transaction_velocity_1h,transaction_velocity,INSTITUTIONAL and FINANCIAL
transaction_velocity_24h,transaction_velocity,INSTITUTIONAL and FINANCIAL
transaction_velocity_7d,transaction_velocity,INSTITUTIONAL and FINANCIAL
seconds_since_last_txn,time_since_last_transaction,INSTITUTIONAL and FINANCIAL
avg_amount_30d,transaction_amount,INSTITUTIONAL and FINANCIAL
amount_deviation_ratio,amount_deviation_ratio,INSTITUTIONAL and FINANCIAL
shared_device_count,shared_device_count,ALTERNATIVE
customer_merchant_txn_count,transaction_count,INSTITUTIONAL and FINANCIAL
financial_loss,financial_loss_amount,INSTITUTIONAL and FINANCIAL
disbursed_amount,loan_amount,INSTITUTIONAL and FINANCIAL
asset_cost,asset_ownership,INSTITUTIONAL and FINANCIAL
ltv,loan_to_value_ratio,INSTITUTIONAL and FINANCIAL
Date.of.Birth,age,DEMOGRAPHIC
Employment.Type,employment_status,SOCIOECONOMIC
PERFORM_CNS.SCORE,credit_score,INSTITUTIONAL and FINANCIAL
PRI.NO.OF.ACCTS,opened_revolving_accounts_count,INSTITUTIONAL and FINANCIAL
PRI.ACTIVE.ACCTS,active_accounts_count,INSTITUTIONAL and FINANCIAL
PRI.OVERDUE.ACCTS,overdue_accounts_count,INSTITUTIONAL and FINANCIAL
PRI.CURRENT.BALANCE,installment_loan_balance,INSTITUTIONAL and FINANCIAL
PRI.SANCTIONED.AMOUNT,loan_amount,INSTITUTIONAL and FINANCIAL
PRI.DISBURSED.AMOUNT,loan_amount,INSTITUTIONAL and FINANCIAL
SEC.NO.OF.ACCTS,active_accounts_count,INSTITUTIONAL and FINANCIAL
SEC.ACTIVE.ACCTS,active_accounts_count,INSTITUTIONAL and FINANCIAL
SEC.OVERDUE.ACCTS,overdue_accounts_count,INSTITUTIONAL and FINANCIAL
SEC.CURRENT.BALANCE,maximum_balance_amount,INSTITUTIONAL and FINANCIAL
SEC.SANCTIONED.AMOUNT,loan_amount,INSTITUTIONAL and FINANCIAL
SEC.DISBURSED.AMOUNT,loan_amount,INSTITUTIONAL and FINANCIAL
PRIMARY.INSTAL.AMT,installment_amount,INSTITUTIONAL and FINANCIAL
SEC.INSTAL.AMT,installment_amount,INSTITUTIONAL and FINANCIAL
NEW.ACCTS.IN.LAST.SIX.MONTHS,opened_revolving_accounts_count,INSTITUTIONAL and FINANCIAL
DELINQUENT.ACCTS.IN.LAST.SIX.MONTHS,overdue_accounts_count,INSTITUTIONAL and FINANCIAL
AVERAGE.ACCT.AGE,account_tenure_duration,INSTITUTIONAL and FINANCIAL
CREDIT.HISTORY.LENGTH,account_tenure_duration,INSTITUTIONAL and FINANCIAL
NO.OF_INQUIRIES,credit_inquiry_count,INSTITUTIONAL and FINANCIAL
Rating,credit_rating,INSTITUTIONAL and FINANCIAL
Current Ratio,liquidity_ratio,INSTITUTIONAL and FINANCIAL
Long-term Debt / Capital,leverage_ratio,INSTITUTIONAL and FINANCIAL
Debt/Equity Ratio,leverage_ratio,INSTITUTIONAL and FINANCIAL
Gross Margin,profitability_margin,INSTITUTIONAL and FINANCIAL
Operating Margin,operating_margin_rate,INSTITUTIONAL and FINANCIAL
EBIT Margin,ebit_margin_rate,INSTITUTIONAL and FINANCIAL
EBITDA Margin,ebitda_margin_rate,INSTITUTIONAL and FINANCIAL
Pre-Tax Profit Margin,pretax_profit_margin,INSTITUTIONAL and FINANCIAL
Net Profit Margin,net_profit_margin,INSTITUTIONAL and FINANCIAL
Asset Turnover,asset_turnover_ratio,INSTITUTIONAL and FINANCIAL
ROE - Return On Equity,return_on_equity_rate,INSTITUTIONAL and FINANCIAL
Return On Tangible Equity,return_on_tangible_equity_rate,INSTITUTIONAL and FINANCIAL
ROA - Return On Assets,return_on_assets_rate,INSTITUTIONAL and FINANCIAL
ROI - Return On Investment,return_on_investment_rate,INSTITUTIONAL and FINANCIAL
Operating Cash Flow Per Share,operating_cash_flow_per_share,INSTITUTIONAL and FINANCIAL
Free Cash Flow Per Share,free_cash_flow_per_share,INSTITUTIONAL and FINANCIAL
RiskPerformance,risk_performance_score,INSTITUTIONAL and FINANCIAL
ExternalRiskEstimate,external_risk_estimate,INSTITUTIONAL and FINANCIAL
MSinceOldestTradeOpen,credit_history_duration,INSTITUTIONAL and FINANCIAL
MSinceMostRecentTradeOpen,months_since_most_recent_trade_open,INSTITUTIONAL and FINANCIAL
AverageMInFile,average_months_in_file,INSTITUTIONAL and FINANCIAL
NumSatisfactoryTrades,satisfactory_trades_count,INSTITUTIONAL and FINANCIAL
NumTrades60Ever2DerogPubRec,derogatory_trades_60_days_count,INSTITUTIONAL and FINANCIAL
NumTrades90Ever2DerogPubRec,derogatory_trades_90_days_count,INSTITUTIONAL and FINANCIAL
PercentTradesNeverDelq,trades_never_delinquent_rate,INSTITUTIONAL and FINANCIAL
MSinceMostRecentDelq,months_since_most_recent_delinquency,INSTITUTIONAL and FINANCIAL
MaxDelq2PublicRecLast12M,max_delinquency_public_record_severity,INSTITUTIONAL and FINANCIAL
MaxDelqEver,max_delinquency_severity,INSTITUTIONAL and FINANCIAL
NumTotalTrades,total_trades_count,INSTITUTIONAL and FINANCIAL
NumTradesOpeninLast12M,open_trades_count,INSTITUTIONAL and FINANCIAL
PercentInstallTrades,installment_trades_rate,INSTITUTIONAL and FINANCIAL
MSinceMostRecentInqexcl7days,months_since_most_recent_inquiry,INSTITUTIONAL and FINANCIAL
NumInqLast6M,credit_inquiry_count,INSTITUTIONAL and FINANCIAL
NumInqLast6Mexcl7days,credit_inquiry_count,INSTITUTIONAL and FINANCIAL
NetFractionRevolvingBurden,revolving_burden_fraction,INSTITUTIONAL and FINANCIAL
NetFractionInstallBurden,installment_burden_fraction,INSTITUTIONAL and FINANCIAL
NumRevolvingTradesWBalance,revolving_trades_with_balance_count,INSTITUTIONAL and FINANCIAL
NumInstallTradesWBalance,installment_trades_with_balance_count,INSTITUTIONAL and FINANCIAL
NumBank2NatlTradesWHighUtilization,high_utilization_trades_count,INSTITUTIONAL and FINANCIAL
PercentTradesWBalance,trades_with_balance_rate,INSTITUTIONAL and FINANCIAL
monthly_income,monthly_income,SOCIOECONOMIC
loan_amount,loan_amount,INSTITUTIONAL and FINANCIAL
credit_utilization_ratio,revolving_burden_fraction,INSTITUTIONAL and FINANCIAL
account_balance,account_balance,INSTITUTIONAL and FINANCIAL
monthly_transactions,transaction_count,INSTITUTIONAL and FINANCIAL
avg_transaction_value,transaction_amount,INSTITUTIONAL and FINANCIAL
late_payment_count,delinquency_count,INSTITUTIONAL and FINANCIAL
repayment_consistency_score,repayment_consistency_score,INSTITUTIONAL and FINANCIAL
previous_defaults,default_count,INSTITUTIONAL and FINANCIAL
employment_years,total_work_experience_duration,SOCIOECONOMIC
dependents,dependents_count,SOCIOECONOMIC
account_age_months,account_tenure_duration,INSTITUTIONAL and FINANCIAL
credit_risk_class,credit_rating,INSTITUTIONAL and FINANCIAL
Age,age,DEMOGRAPHIC
DateOfBirth,age,DEMOGRAPHIC
Gender,gender,DEMOGRAPHIC
Country,geographic_region,ALTERNATIVE
AppliedAmount,loan_amount,INSTITUTIONAL and FINANCIAL
Amount,transaction_amount,INSTITUTIONAL and FINANCIAL
Interest,interest_rate,INSTITUTIONAL and FINANCIAL
LoanDuration,loan_duration,INSTITUTIONAL and FINANCIAL
MonthlyPayment,monthly_payment_amount,INSTITUTIONAL and FINANCIAL
County,geographic_region,ALTERNATIVE
City,geographic_region,ALTERNATIVE
UseOfLoan,loan_purpose,INSTITUTIONAL and FINANCIAL
Education,education,SOCIOECONOMIC
MaritalStatus,marital_status,DEMOGRAPHIC
NrOfDependants,dependents_count,SOCIOECONOMIC
EmploymentStatus,employment_status,SOCIOECONOMIC
EmploymentDurationCurrentEmployer,employment_stability,SOCIOECONOMIC
EmploymentPosition,job_title,SOCIOECONOMIC
WorkExperience,total_work_experience_duration,SOCIOECONOMIC
OccupationArea,occupation_area,SOCIOECONOMIC
HomeOwnershipType,asset_ownership,SOCIOECONOMIC
IncomeFromPrincipalEmployer,monthly_income,SOCIOECONOMIC
IncomeFromPension,pension_income,SOCIOECONOMIC
IncomeFromFamilyAllowance,allowance_income,SOCIOECONOMIC
IncomeFromSocialWelfare,social_welfare_income,SOCIOECONOMIC
IncomeFromLeavePay,leave_pay_income,SOCIOECONOMIC
IncomeFromChildSupport,allowance_income,SOCIOECONOMIC
IncomeOther,other_income_amount,SOCIOECONOMIC
IncomeTotal,monthly_income,SOCIOECONOMIC
ExistingLiabilities,total_liabilities_amount,INSTITUTIONAL and FINANCIAL
LiabilitiesTotal,total_liabilities_amount,INSTITUTIONAL and FINANCIAL
RefinanceLiabilities,refinanced_liabilities_amount,INSTITUTIONAL and FINANCIAL
DebtToIncome,debt_ratio,INSTITUTIONAL and FINANCIAL
FreeCash,disposable_cash_amount,INSTITUTIONAL and FINANCIAL
MonthlyPaymentDay,payment_due_day,INSTITUTIONAL and FINANCIAL
ActiveScheduleFirstPaymentReached,first_payment_status_indicator,INSTITUTIONAL and FINANCIAL
PlannedPrincipalTillDate,planned_principal_amount,INSTITUTIONAL and FINANCIAL
PlannedInterestTillDate,planned_interest_amount,INSTITUTIONAL and FINANCIAL
LastPaymentOn,last_payment_date,INSTITUTIONAL and FINANCIAL
CurrentDebtDaysPrimary,debt_delinquency_days,INSTITUTIONAL and FINANCIAL
CurrentDebtDaysSecondary,debt_delinquency_days,INSTITUTIONAL and FINANCIAL
ExpectedLoss,expected_loss_amount,INSTITUTIONAL and FINANCIAL
LossGivenDefault,loss_given_default_rate,INSTITUTIONAL and FINANCIAL
ExpectedReturn,expected_return_rate,INSTITUTIONAL and FINANCIAL
ProbabilityOfDefault,probability_of_default_rate,INSTITUTIONAL and FINANCIAL
PrincipalOverdueBySchedule,overdue_principal_amount,INSTITUTIONAL and FINANCIAL
PlannedPrincipalPostDefault,principal_recovery_amount,INSTITUTIONAL and FINANCIAL
PlannedInterestPostDefault,interest_recovery_amount,INSTITUTIONAL and FINANCIAL
EAD1,exposure_at_default_amount,INSTITUTIONAL and FINANCIAL
EAD2,exposure_at_default_amount,INSTITUTIONAL and FINANCIAL
PrincipalRecovery,principal_recovery_amount,INSTITUTIONAL and FINANCIAL
InterestRecovery,interest_recovery_amount,INSTITUTIONAL and FINANCIAL
RecoveryStage,recovery_stage,INSTITUTIONAL and FINANCIAL
StageActiveSince,recovery_stage_start_date,INSTITUTIONAL and FINANCIAL
Rating,probability_of_default_rate,INSTITUTIONAL and FINANCIAL
EL_V0,expected_loss_amount,INSTITUTIONAL and FINANCIAL
Rating_V0,credit_rating,INSTITUTIONAL and FINANCIAL
EL_V1,expected_loss_rate,INSTITUTIONAL and FINANCIAL
Rating_V1,credit_rating,INSTITUTIONAL and FINANCIAL
Rating_V2,credit_rating,INSTITUTIONAL and FINANCIAL
CreditScoreEsMicroL,credit_score,INSTITUTIONAL and FINANCIAL
CreditScoreEsEquifaxRisk,credit_score_risk_grade,INSTITUTIONAL and FINANCIAL
CreditScoreFiAsiakasTietoRiskGrade,credit_score_risk_grade,INSTITUTIONAL and FINANCIAL
CreditScoreEeMini,credit_score_risk_grade,INSTITUTIONAL and FINANCIAL
PrincipalPaymentsMade,principal_recovery_amount,INSTITUTIONAL and FINANCIAL
InterestAndPenaltyPaymentsMade,interest_recovery_amount,INSTITUTIONAL and FINANCIAL
PrincipalWriteOffs,principal_write_off_amount,INSTITUTIONAL and FINANCIAL
InterestAndPenaltyWriteOffs,interest_penalty_write_off_amount,INSTITUTIONAL and FINANCIAL
PrincipalBalance,principal_balance_amount,INSTITUTIONAL and FINANCIAL
InterestAndPenaltyBalance,interest_penalty_balance_amount,INSTITUTIONAL and FINANCIAL
NoOfPreviousLoansBeforeLoan,previous_loans_count,INSTITUTIONAL and FINANCIAL
AmountOfPreviousLoansBeforeLoan,previous_loans_amount,INSTITUTIONAL and FINANCIAL
PreviousRepaymentsBeforeLoan,previous_repayments_count,INSTITUTIONAL and FINANCIAL
PreviousEarlyRepaymentsBefoleLoan,previous_early_repayments_amount,INSTITUTIONAL and FINANCIAL
PreviousEarlyRepaymentsCountBeforeLoan,previous_repayments_count,INSTITUTIONAL and FINANCIAL
GracePeriodStart,grace_period_start_date,INSTITUTIONAL and FINANCIAL
GracePeriodEnd,grace_period_end_date,INSTITUTIONAL and FINANCIAL
NextPaymentNr,next_payment_sequence_number,INSTITUTIONAL and FINANCIAL
NrOfScheduledPayments,scheduled_payments_count,INSTITUTIONAL and FINANCIAL
ReScheduledOn,rescheduling_date,INSTITUTIONAL and FINANCIAL
PrincipalDebtServicingCost,debt_servicing_cost_amount,INSTITUTIONAL and FINANCIAL
InterestAndPenaltyDebtServicingCost,debt_servicing_cost_amount,INSTITUTIONAL and FINANCIAL
ActiveLateLastPaymentCategory,payment_delinquency_category,INSTITUTIONAL and FINANCIAL
amount,transaction_amount,INSTITUTIONAL and FINANCIAL
oldbalanceOrg,principal_balance_amount,INSTITUTIONAL and FINANCIAL
newbalanceOrig,principal_balance_amount,INSTITUTIONAL and FINANCIAL
oldbalanceDest,account_balance,INSTITUTIONAL and FINANCIAL
newbalanceDest,account_balance,INSTITUTIONAL and FINANCIAL
Age,age,DEMOGRAPHIC
Occupation,job_title,SOCIOECONOMIC
Annual_Income,monthly_income,SOCIOECONOMIC
Monthly_Inhand_Salary,monthly_income,SOCIOECONOMIC
Num_Bank_Accounts,bank_account_count,INSTITUTIONAL and FINANCIAL
Num_Credit_Card,credit_card_count,INSTITUTIONAL and FINANCIAL
Interest_Rate,interest_rate,INSTITUTIONAL and FINANCIAL
Num_of_Loan,loan_count,INSTITUTIONAL and FINANCIAL
Type_of_Loan,loan_type,INSTITUTIONAL and FINANCIAL
Delay_from_due_date,payment_delay_duration,INSTITUTIONAL and FINANCIAL
Num_of_Delayed_Payment,late_payment_count,INSTITUTIONAL and FINANCIAL
Changed_Credit_Limit,credit_limit_change_indicator,INSTITUTIONAL and FINANCIAL
Num_Credit_Inquiries,credit_inquiry_count,INSTITUTIONAL and FINANCIAL
Credit_Mix,credit_mix_count,INSTITUTIONAL and FINANCIAL
Outstanding_Debt,principal_balance_amount,INSTITUTIONAL and FINANCIAL
Credit_Utilization_Ratio,credit_utilization_ratio,INSTITUTIONAL and FINANCIAL
Credit_History_Age,credit_history_duration,INSTITUTIONAL and FINANCIAL
Payment_of_Min_Amount,minimum_payment_behavior_indicator,INSTITUTIONAL and FINANCIAL
Total_EMI_per_month,debt_servicing_cost_amount,INSTITUTIONAL and FINANCIAL
Amount_invested_monthly,monthly_investment_amount,INSTITUTIONAL and FINANCIAL
Payment_Behaviour,consumer_behavior,"VALUES, ATTITUDES and BEHAVIORAL"
Monthly_Balance,account_balance,INSTITUTIONAL and FINANCIAL
ip_region_mismatch,ip_location_consistency_indicator,ALTERNATIVE
device_change_rate,device_change_rate,ALTERNATIVE
application_frequency,credit_application_frequency,INSTITUTIONAL and FINANCIAL
loan_amount,loan_amount,INSTITUTIONAL and FINANCIAL
loan_type,loan_type,INSTITUTIONAL and FINANCIAL
session_duration,session_duration,ALTERNATIVE
geo_location_consistency,ip_location_consistency_indicator,ALTERNATIVE
previous_defaults,late_payment_count,INSTITUTIONAL and FINANCIAL
time_between_apps,application_interval_duration,ALTERNATIVE
browser_fingerprint_change,device_fingerprint_change_indicator,ALTERNATIVE
fraudulent,fraud_indicator,INSTITUTIONAL and FINANCIAL
Payment_Method_description,payment_method,INSTITUTIONAL and FINANCIAL
Payment_Method,payment_method,INSTITUTIONAL and FINANCIAL
Amount,transaction_amount,INSTITUTIONAL and FINANCIAL
Amount_Bins,transaction_amount,INSTITUTIONAL and FINANCIAL
Zipcode,postal_code,ALTERNATIVE
Region,geographic_region,ALTERNATIVE
City,geographic_region,ALTERNATIVE
Age_Of_Customer_Months,age,DEMOGRAPHIC
Age_Of_Customer_Year,age,DEMOGRAPHIC
Customer_Age_Year_Bins,age,DEMOGRAPHIC
Payment_Term,payment_term_duration,INSTITUTIONAL and FINANCIAL
Payment_Term_Bins,payment_term_category,INSTITUTIONAL and FINANCIAL
Days_Overdue_Delay,payment_delinquency_duration,INSTITUTIONAL and FINANCIAL
Delay_Bins,payment_delinquency_category,INSTITUTIONAL and FINANCIAL
No_of_orders_by_customer,order_count,INSTITUTIONAL and FINANCIAL
Quarter_clearing,clearing_cycle_period,INSTITUTIONAL and FINANCIAL
DelayFlag,payment_delinquency_indicator,INSTITUTIONAL and FINANCIAL
Customer_Age,age,DEMOGRAPHIC
Location,geographic_region,ALTERNATIVE
Product_Category,consumer_behavior,"VALUES, ATTITUDES and BEHAVIORAL"
Purchase_Amount,transaction_amount,INSTITUTIONAL and FINANCIAL